Workbook

Sheet 老女武神装备
A1: 名称 | B1: Star | C1: soft_attack | D1: Rank | E1: hard_attack | F1: Rank | G1: ap_attack | H1: Rank | I1: armor_value | J1: Rank | K1: breakthrough | L1: Rank | M1: defense | N1: Rank | O1: ORG | P1: Rank | Q1: maximum_speed | R1: armor_ratio | S1: cost
A2: Kiana_equipment_0 | B2: I | C2: 35 | D2: =INDEX(计算过程!$A$5:$A$30,MATCH(C2,计算过程!$B$5:$B$30)) -> B | E2: 22 | F2: =INDEX(计算过程!$A$5:$A$30,MATCH(E2,计算过程!$E$5:$E$30)) -> B-- | G2: 20 | H2: =INDEX(计算过程!$A$5:$A$30,MATCH(G2,计算过程!$H$5:$H$30)) -> B- | I2: 20 | J2: =INDEX(计算过程!$A$5:$A$30,MATCH(I2,计算过程!$K$5:$K$30)) -> B-- | K2: 28 | L2: =INDEX(计算过程!$A$5:$A$30,MATCH(K2,计算过程!$N$5:$N$30)) -> B-- | M2: 30 | N2: =INDEX(计算过程!$A$5:$A$30,MATCH(M2,计算过程!$Q$5:$Q$30)) -> B- | O2: 85 | P2: =INDEX(计算过程!$S$5:$S$14,MATCH(O2,计算过程!$T$5:$T$14)) -> S+ | Q2: 8 | R2: 0.2 | S2: 9
A3: Kiana_equipment_1 | B3: II | C3: =(C2+C4)/2 -> 62.5 | D3: =INDEX(计算过程!$A$5:$A$30,MATCH(C3,计算过程!$B$5:$B$30)) -> A- | E3: =(E2+E4)/2 -> 52 | F3: =INDEX(计算过程!$A$5:$A$30,MATCH(E3,计算过程!$E$5:$E$30)) -> A | G3: =(G2+G4)/2 -> 60 | H3: =INDEX(计算过程!$A$5:$A$30,MATCH(G3,计算过程!$H$5:$H$30)) -> A | I3: =(I2+I4)/2 -> 60 | J3: =INDEX(计算过程!$A$5:$A$30,MATCH(I3,计算过程!$K$5:$K$30)) -> A | K3: =(K2+K4)/2 -> 58 | L3: =INDEX(计算过程!$A$5:$A$30,MATCH(K3,计算过程!$N$5:$N$30)) -> A- | M3: =(M2+M4)/2 -> 63 | N3: =INDEX(计算过程!$A$5:$A$30,MATCH(M3,计算过程!$Q$5:$Q$30)) -> A+ | O3: 85 | P3: =INDEX(计算过程!$S$5:$S$14,MATCH(O3,计算过程!$T$5:$T$14)) -> S+ | Q3: =(Q2+Q4)/2 -> 10 | R3: 0.4 | S3: 18
A4: Kiana_equipment_2 | B4: III | C4: 90 | D4: =INDEX(计算过程!$A$5:$A$30,MATCH(C4,计算过程!$B$5:$B$30)) -> S- | E4: 82 | F4: =INDEX(计算过程!$A$5:$A$30,MATCH(E4,计算过程!$E$5:$E$30)) -> S+ | G4: 100 | H4: =INDEX(计算过程!$A$5:$A$30,MATCH(G4,计算过程!$H$5:$H$30)) -> S++ | I4: 100 | J4: =INDEX(计算过程!$A$5:$A$30,MATCH(I4,计算过程!$K$5:$K$30)) -> S++ | K4: 88 | L4: =INDEX(计算过程!$A$5:$A$30,MATCH(K4,计算过程!$N$5:$N$30)) -> S- | M4: 96 | N4: =INDEX(计算过程!$A$5:$A$30,MATCH(M4,计算过程!$Q$5:$Q$30)) -> S++ | O4: 85 | P4: =INDEX(计算过程!$S$5:$S$14,MATCH(O4,计算过程!$T$5:$T$14)) -> S+ | Q4: 12 | R4: 0.6 | S4: 27
A5: Theresa_equipment_1 | B5: III | C5: =C4*1.1 -> 99 | D5: =INDEX(计算过程!$A$5:$A$30,MATCH(C5,计算过程!$B$5:$B$30)) -> S | E5: =E4-15 -> 67 | F5: =INDEX(计算过程!$A$5:$A$30,MATCH(E5,计算过程!$E$5:$E$30)) -> S-- | G5: =G4-12 -> 88 | H5: =INDEX(计算过程!$A$5:$A$30,MATCH(G5,计算过程!$H$5:$H$30)) -> S | I5: =I4-10 -> 90 | J5: =INDEX(计算过程!$A$5:$A$30,MATCH(I5,计算过程!$K$5:$K$30)) -> S | K5: =K4*1.05 -> 92.4 | L5: =INDEX(计算过程!$A$5:$A$30,MATCH(K5,计算过程!$N$5:$N$30)) -> S | M5: =M4*1.3 -> 124.8 | N5: =INDEX(计算过程!$A$5:$A$30,MATCH(M5,计算过程!$Q$5:$Q$30)) -> SS++ | O5: 75 | P5: =INDEX(计算过程!$S$5:$S$14,MATCH(O5,计算过程!$T$5:$T$14)) -> S- | Q5: 10 | R5: 0.6 | S5: 27
A6: Theresa_equipment_3 | B6: IV | C6: =C4*1.5 -> 135 | D6: =INDEX(计算过程!$A$5:$A$30,MATCH(C6,计算过程!$B$5:$B$30)) -> SS+ | E6: =E4*1.5 -> 123 | F6: =INDEX(计算过程!$A$5:$A$30,MATCH(E6,计算过程!$E$5:$E$30)) -> SSS | G6: =G4*1.6 -> 160 | H6: =INDEX(计算过程!$A$5:$A$30,MATCH(G6,计算过程!$H$5:$H$30)) -> SSS+ | I6: =I4*1.6 -> 160 | J6: =INDEX(计算过程!$A$5:$A$30,MATCH(I6,计算过程!$K$5:$K$30)) -> SSS++ | K6: =K4*1.6 -> 140.8 | L6: =INDEX(计算过程!$A$5:$A$30,MATCH(K6,计算过程!$N$5:$N$30)) -> SSS-- | M6: =M4*1.35 -> 129.6 | N6: =INDEX(计算过程!$A$5:$A$30,MATCH(M6,计算过程!$Q$5:$Q$30)) -> SSS-- | O6: 75 | P6: =INDEX(计算过程!$S$5:$S$14,MATCH(O6,计算过程!$T$5:$T$14)) -> S- | Q6: 16 | R6: 0.8 | S6: 45
A7: Eden_equipment_1 | B7: IV | C7: =C4*1.6 -> 144 | D7: =INDEX(计算过程!$A$5:$A$30,MATCH(C7,计算过程!$B$5:$B$30)) -> SS++ | E7: =E4*1.45 -> 118.9 | F7: =INDEX(计算过程!$A$5:$A$30,MATCH(E7,计算过程!$E$5:$E$30)) -> SSS- | G7: =G4*1.4 -> 140 | H7: =INDEX(计算过程!$A$5:$A$30,MATCH(G7,计算过程!$H$5:$H$30)) -> SSS-- | I7: =I4*1.5 -> 150 | J7: =INDEX(计算过程!$A$5:$A$30,MATCH(I7,计算过程!$K$5:$K$30)) -> SSS | K7: =K4*1.4 -> 123.2 | L7: =INDEX(计算过程!$A$5:$A$30,MATCH(K7,计算过程!$N$5:$N$30)) -> SS | M7: =M4*1.5 -> 144 | N7: =INDEX(计算过程!$A$5:$A$30,MATCH(M7,计算过程!$Q$5:$Q$30)) -> SSS+ | O7: 80 | P7: =INDEX(计算过程!$S$5:$S$14,MATCH(O7,计算过程!$T$5:$T$14)) -> S | Q7: 16 | R7: 0.8 | S7: 45
A8: Mei_equipment_0 | B8: I | C8: =C2*0.65 -> 22.75 | D8: =INDEX(计算过程!$A$5:$A$30,MATCH(C8,计算过程!$B$5:$B$30)) -> B-- | E8: =E2*1.5 -> 33 | F8: =INDEX(计算过程!$A$5:$A$30,MATCH(E8,计算过程!$E$5:$E$30)) -> B+ | G8: =G2*1.8 -> 36 | H8: =INDEX(计算过程!$A$5:$A$30,MATCH(G8,计算过程!$H$5:$H$30)) -> B++ | I8: =I2*1.5 -> 30 | J8: =INDEX(计算过程!$A$5:$A$30,MATCH(I8,计算过程!$K$5:$K$30)) -> B | K8: =K2*1.4 -> 39.2 | L8: =INDEX(计算过程!$A$5:$A$30,MATCH(K8,计算过程!$N$5:$N$30)) -> B | M8: =M2*0.67 -> 20.1 | N8: =INDEX(计算过程!$A$5:$A$30,MATCH(M8,计算过程!$Q$5:$Q$30)) -> B-- | O8: 55 | P8: =INDEX(计算过程!$S$5:$S$14,MATCH(O8,计算过程!$T$5:$T$14)) -> B | Q8: 8 | R8: 0.2 | S8: 9
A9: Mei_equipment_1 | B9: II | C9: =C3*0.65 -> 40.625 | D9: =INDEX(计算过程!$A$5:$A$30,MATCH(C9,计算过程!$B$5:$B$30)) -> B | E9: =(E8+E10)/2 -> 69.8 | F9: =INDEX(计算过程!$A$5:$A$30,MATCH(E9,计算过程!$E$5:$E$30)) -> S-- | G9: =G3*1.5 -> 90 | H9: =INDEX(计算过程!$A$5:$A$30,MATCH(G9,计算过程!$H$5:$H$30)) -> S | I9: =I3*1.5 -> 90 | J9: =INDEX(计算过程!$A$5:$A$30,MATCH(I9,计算过程!$K$5:$K$30)) -> S | K9: =K3*1.4 -> 81.2 | L9: =INDEX(计算过程!$A$5:$A$30,MATCH(K9,计算过程!$N$5:$N$30)) -> S-- | M9: =M3*0.65 -> 40.95 | N9: =INDEX(计算过程!$A$5:$A$30,MATCH(M9,计算过程!$Q$5:$Q$30)) -> B+ | O9: 55 | P9: =INDEX(计算过程!$S$5:$S$14,MATCH(O9,计算过程!$T$5:$T$14)) -> B | Q9: 10 | R9: 0.4 | S9: 18
A10: Mei_equipment_2 | B10: III | C10: =C4*0.68 -> 61.2 | D10: =INDEX(计算过程!$A$5:$A$30,MATCH(C10,计算过程!$B$5:$B$30)) -> A- | E10: =E4*1.3 -> 106.6 | F10: =INDEX(计算过程!$A$5:$A$30,MATCH(E10,计算过程!$E$5:$E$30)) -> SS+ | G10: =G4*1.5 -> 150 | H10: =INDEX(计算过程!$A$5:$A$30,MATCH(G10,计算过程!$H$5:$H$30)) -> SSS | I10: =I4*1.2 -> 120 | J10: =INDEX(计算过程!$A$5:$A$30,MATCH(I10,计算过程!$K$5:$K$30)) -> SS | K10: =K4*1.4 -> 123.2 | L10: =INDEX(计算过程!$A$5:$A$30,MATCH(K10,计算过程!$N$5:$N$30)) -> SS | M10: =M4*0.65 -> 62.4 | N10: =INDEX(计算过程!$A$5:$A$30,MATCH(M10,计算过程!$Q$5:$Q$30)) -> A+ | O10: 55 | P10: =INDEX(计算过程!$S$5:$S$14,MATCH(O10,计算过程!$T$5:$T$14)) -> B | Q10: 12 | R10: 0.6 | S10: 27
A11: Seele_equipment_1 | B11: II | C11: =C9+2 -> 42.625 | D11: =INDEX(计算过程!$A$5:$A$30,MATCH(C11,计算过程!$B$5:$B$30)) -> B+ | E11: =E9*8/9 -> 62.044444 | F11: =INDEX(计算过程!$A$5:$A$30,MATCH(E11,计算过程!$E$5:$E$30)) -> A++ | G11: =G9*8/9 -> 80 | H11: =INDEX(计算过程!$A$5:$A$30,MATCH(G11,计算过程!$H$5:$H$30)) -> S- | I11: =I9*8/9 -> 80 | J11: =INDEX(计算过程!$A$5:$A$30,MATCH(I11,计算过程!$K$5:$K$30)) -> S-- | K11: =K9*8/9 -> 72.177778 | L11: =INDEX(计算过程!$A$5:$A$30,MATCH(K11,计算过程!$N$5:$N$30)) -> A+ | M11: =M9*8/9+10 -> 46.4 | N11: =INDEX(计算过程!$A$5:$A$30,MATCH(M11,计算过程!$Q$5:$Q$30)) -> B++ | O11: 50 | P11: =INDEX(计算过程!$S$5:$S$14,MATCH(O11,计算过程!$T$5:$T$14)) -> B- | Q11: 10 | R11: 0.4 | S11: 15
A12: Seele_equipment_2 | B12: III | C12: =C10*1.35 -> 82.62 | D12: =INDEX(计算过程!$A$5:$A$30,MATCH(C12,计算过程!$B$5:$B$30)) -> A++ | E12: =E10*0.75 -> 79.95 | F12: =INDEX(计算过程!$A$5:$A$30,MATCH(E12,计算过程!$E$5:$E$30)) -> S+ | G12: =G10*13/14-15 -> 124.28571 | H12: =INDEX(计算过程!$A$5:$A$30,MATCH(G12,计算过程!$H$5:$H$30)) -> SS | I12: =I10*13/14-10 -> 101.42857 | J12: =INDEX(计算过程!$A$5:$A$30,MATCH(I12,计算过程!$K$5:$K$30)) -> S++ | K12: =K10*0.7 -> 86.24 | L12: =INDEX(计算过程!$A$5:$A$30,MATCH(K12,计算过程!$N$5:$N$30)) -> S- | M12: =M10*1.35 -> 84.24 | N12: =INDEX(计算过程!$A$5:$A$30,MATCH(M12,计算过程!$Q$5:$Q$30)) -> S | O12: 50 | P12: =INDEX(计算过程!$S$5:$S$14,MATCH(O12,计算过程!$T$5:$T$14)) -> B- | Q12: 12 | R12: 0.6 | S12: 27
A13: Seele_equipment_3 | B13: III | C13: =C11*1.35 -> 57.54375 | D13: =INDEX(计算过程!$A$5:$A$30,MATCH(C13,计算过程!$B$5:$B$30)) -> A-- | E13: =E10+8 -> 114.6 | F13: =INDEX(计算过程!$A$5:$A$30,MATCH(E13,计算过程!$E$5:$E$30)) -> SSS-- | G13: =G10+5 -> 155 | H13: =INDEX(计算过程!$A$5:$A$30,MATCH(G13,计算过程!$H$5:$H$30)) -> SSS | I13: =I10-6 -> 114 | J13: =INDEX(计算过程!$A$5:$A$30,MATCH(I13,计算过程!$K$5:$K$30)) -> SS- | K13: =K10-10 -> 113.2 | L13: =INDEX(计算过程!$A$5:$A$30,MATCH(K13,计算过程!$N$5:$N$30)) -> SS-- | M13: =M10+10 -> 72.4 | N13: =INDEX(计算过程!$A$5:$A$30,MATCH(M13,计算过程!$Q$5:$Q$30)) -> A++ | O13: 50 | P13: =INDEX(计算过程!$S$5:$S$14,MATCH(O13,计算过程!$T$5:$T$14)) -> B- | Q13: 14 | R13: 0.6 | S13: 27
A14: Fuka_equipment_1 | B14: III | C14: =C10*1.4 -> 85.68 | D14: =INDEX(计算过程!$A$5:$A$30,MATCH(C14,计算过程!$B$5:$B$30)) -> S-- | E14: =E10*0.8 -> 85.28 | F14: =INDEX(计算过程!$A$5:$A$30,MATCH(E14,计算过程!$E$5:$E$30)) -> S++ | G14: =G10*0.9 -> 135 | H14: =INDEX(计算过程!$A$5:$A$30,MATCH(G14,计算过程!$H$5:$H$30)) -> SS++ | I14: =I10-6 -> 114 | J14: =INDEX(计算过程!$A$5:$A$30,MATCH(I14,计算过程!$K$5:$K$30)) -> SS- | K14: =K10-25 -> 98.2 | L14: =INDEX(计算过程!$A$5:$A$30,MATCH(K14,计算过程!$N$5:$N$30)) -> S+ | M14: =M10+17 -> 79.4 | N14: =INDEX(计算过程!$A$5:$A$30,MATCH(M14,计算过程!$Q$5:$Q$30)) -> S- | O14: 65 | P14: =INDEX(计算过程!$S$5:$S$14,MATCH(O14,计算过程!$T$5:$T$14)) -> A- | Q14: 12 | R14: 0.6 | S14: 27
A15: Fuka_equipment_2 | B15: IV | C15: =C14*1.4 -> 119.952 | D15: =INDEX(计算过程!$A$5:$A$30,MATCH(C15,计算过程!$B$5:$B$30)) -> SS-- | E15: =E14*1.6 -> 136.448 | F15: =INDEX(计算过程!$A$5:$A$30,MATCH(E15,计算过程!$E$5:$E$30)) -> SSS++ | G15: =G14*1.25 -> 168.75 | H15: =INDEX(计算过程!$A$5:$A$30,MATCH(G15,计算过程!$H$5:$H$30)) -> SSS++ | I15: =I14*1.45 -> 165.3 | J15: =INDEX(计算过程!$A$5:$A$30,MATCH(I15,计算过程!$K$5:$K$30)) -> SSS++ | K15: =K14*1.7 -> 166.94 | L15: =INDEX(计算过程!$A$5:$A$30,MATCH(K15,计算过程!$N$5:$N$30)) -> SSS++ | M15: =M14*1.5 -> 119.1 | N15: =INDEX(计算过程!$A$5:$A$30,MATCH(M15,计算过程!$Q$5:$Q$30)) -> SS+ | O15: 65 | P15: =INDEX(计算过程!$S$5:$S$14,MATCH(O15,计算过程!$T$5:$T$14)) -> A- | Q15: 16 | R15: 0.8 | S15: 45
A16: Bronya_equipment_0 | B16: I | C16: =C2*1.3 -> 45.5 | D16: =INDEX(计算过程!$A$5:$A$30,MATCH(C16,计算过程!$B$5:$B$30)) -> B+ | E16: =E2*0.8 -> 17.6 | F16: =INDEX(计算过程!$A$5:$A$30,MATCH(E16,计算过程!$E$5:$E$30)) -> B-- | G16: =G2*0.5 -> 10 | H16: =INDEX(计算过程!$A$5:$A$30,MATCH(G16,计算过程!$H$5:$H$30)) -> B-- | I16: =I2*0.75 -> 15 | J16: =INDEX(计算过程!$A$5:$A$30,MATCH(I16,计算过程!$K$5:$K$30)) -> B-- | K16: =K2*0.8 -> 22.4 | L16: =INDEX(计算过程!$A$5:$A$30,MATCH(K16,计算过程!$N$5:$N$30)) -> B-- | M16: =M2*1.3 -> 39 | N16: =INDEX(计算过程!$A$5:$A$30,MATCH(M16,计算过程!$Q$5:$Q$30)) -> B+ | O16: 75 | P16: =INDEX(计算过程!$S$5:$S$14,MATCH(O16,计算过程!$T$5:$T$14)) -> S- | Q16: 8 | R16: 0.2 | S16: 12
A17: Bronya_equipment_1 | B17: II | C17: =C3*1.3 -> 81.25 | D17: =INDEX(计算过程!$A$5:$A$30,MATCH(C17,计算过程!$B$5:$B$30)) -> A++ | E17: =E3*0.8 -> 41.6 | F17: =INDEX(计算过程!$A$5:$A$30,MATCH(E17,计算过程!$E$5:$E$30)) -> A-- | G17: =G16*0.5+G18*0.5 -> 45 | H17: =INDEX(计算过程!$A$5:$A$30,MATCH(G17,计算过程!$H$5:$H$30)) -> A-- | I17: =I16*0.5+I18*0.5 -> 47.5 | J17: =INDEX(计算过程!$A$5:$A$30,MATCH(I17,计算过程!$K$5:$K$30)) -> A-- | K17: =K3*0.85 -> 49.3 | L17: =INDEX(计算过程!$A$5:$A$30,MATCH(K17,计算过程!$N$5:$N$30)) -> B++ | M17: =M3*1.3 -> 81.9 | N17: =INDEX(计算过程!$A$5:$A$30,MATCH(M17,计算过程!$Q$5:$Q$30)) -> S- | O17: 75 | P17: =INDEX(计算过程!$S$5:$S$14,MATCH(O17,计算过程!$T$5:$T$14)) -> S- | Q17: 10 | R17: 0.4 | S17: 18
A18: Bronya_equipment_2 | B18: III | C18: =C4*1.3 -> 117 | D18: =INDEX(计算过程!$A$5:$A$30,MATCH(C18,计算过程!$B$5:$B$30)) -> SS-- | E18: =E4*0.8 -> 65.6 | F18: =INDEX(计算过程!$A$5:$A$30,MATCH(E18,计算过程!$E$5:$E$30)) -> S-- | G18: =G4*0.8 -> 80 | H18: =INDEX(计算过程!$A$5:$A$30,MATCH(G18,计算过程!$H$5:$H$30)) -> S- | I18: =I4*0.8 -> 80 | J18: =INDEX(计算过程!$A$5:$A$30,MATCH(I18,计算过程!$K$5:$K$30)) -> S-- | K18: =K4*0.85 -> 74.8 | L18: =INDEX(计算过程!$A$5:$A$30,MATCH(K18,计算过程!$N$5:$N$30)) -> A++ | M18: =M4*1.3 -> 124.8 | N18: =INDEX(计算过程!$A$5:$A$30,MATCH(M18,计算过程!$Q$5:$Q$30)) -> SS++ | O18: 75 | P18: =INDEX(计算过程!$S$5:$S$14,MATCH(O18,计算过程!$T$5:$T$14)) -> S- | Q18: 12 | R18: 0.6 | S18: 27
A19: Bronya_equipment_3 | B19: IV | C19: =C18*1.5 -> 175.5 | D19: =INDEX(计算过程!$A$5:$A$30,MATCH(C19,计算过程!$B$5:$B$30)) -> SSS++ | E19: =E6*0.8 -> 98.4 | F19: =INDEX(计算过程!$A$5:$A$30,MATCH(E19,计算过程!$E$5:$E$30)) -> SS- | G19: =G6*0.92 -> 147.2 | H19: =INDEX(计算过程!$A$5:$A$30,MATCH(G19,计算过程!$H$5:$H$30)) -> SSS- | I19: =I6*0.92 -> 147.2 | J19: =INDEX(计算过程!$A$5:$A$30,MATCH(I19,计算过程!$K$5:$K$30)) -> SSS- | K19: =K6*0.85 -> 119.68 | L19: =INDEX(计算过程!$A$5:$A$30,MATCH(K19,计算过程!$N$5:$N$30)) -> SS- | M19: =M18*1.22 -> 152.256 | N19: =INDEX(计算过程!$A$5:$A$30,MATCH(M19,计算过程!$Q$5:$Q$30)) -> SSS++ | O19: 75 | P19: =INDEX(计算过程!$S$5:$S$14,MATCH(O19,计算过程!$T$5:$T$14)) -> S- | Q19: 16 | R19: 0.8 | S19: 45
A23: TujinBHS_equipment_0 | B23: I | C23: 3.5 | D23: =C23*9 -> 31.5 | E23: 1.2 | F23: =E23*9 -> 10.8 | G23: 4.4 | H23: =G23 -> 4.4 | I23: 0 | J23: =I23 -> 0 | K23: 5 | L23: =K23*9 -> 45 | M23: 35 | N23: =M23*9 -> 315 | Q23: 20 | R23: 0
A24: TujinBHS_equipment_1 | C24: 7 | D24: =C24*9 -> 63 | E24: 3 | F24: =E24*9 -> 27 | G24: 10 | H24: =G24 -> 10 | I24: 5 | J24: =I24 -> 5 | K24: 8 | L24: =K24*9 -> 72 | M24: 45 | N24: =M24*9 -> 405 | Q24: 26 | R24: 0.1
A25: QishiBHS_equipment_0 | B25: II | C25: 8 | D25: =C25*9 -> 72 | E25: 6 | F25: =E25*9 -> 54 | G25: 15 | H25: =G25 -> 15 | I25: 10 | J25: =I25 -> 10 | K25: 8 | L25: =K25*9 -> 72 | M25: 42 | N25: =M25*9 -> 378 | Q25: 7 | R25: 0.1
A26: QishiBHS_equipment_1 | C26: 15 | D26: =C26*9 -> 135 | E26: 12 | F26: =E26*9 -> 108 | G26: 30 | H26: =G26 -> 30 | I26: 20 | J26: =I26 -> 20 | K26: 14 | L26: =K26*9 -> 126 | M26: 50 | N26: =M26*9 -> 450 | Q26: 10 | R26: 0.2
A27: ZhancheBHS_equipment_0 | B27: III | C27: 17 | D27: =C27*9 -> 153 | E27: 21 | F27: =E27*9 -> 189 | G27: 50 | H27: =G27 -> 50 | I27: 75 | J27: =I27 -> 75 | K27: 8 | L27: =K27*9 -> 72 | M27: 48 | N27: =M27*9 -> 432 | Q27: 4 | R27: 0.5
A28: ZhancheBHS_equipment_1 | C28: 22 | D28: =C28*9 -> 198 | E28: 27 | F28: =E28*9 -> 243 | G28: 75 | H28: =G28 -> 75 | I28: 95 | J28: =I28 -> 95 | K28: 12 | L28: =K28*9 -> 108 | M28: 57 | N28: =M28*9 -> 513 | Q28: 4 | R28: 0.5
A29: ShengdianBHS_equipment_0 | B29: IV | C29: 20 | D29: =C29*9 -> 180 | E29: 19 | F29: =E29*9 -> 171 | G29: 75 | H29: =G29 -> 75 | I29: 45 | J29: =I29 -> 45 | K29: 30 | L29: =K29*9 -> 270 | M29: 35 | N29: =M29*9 -> 315 | Q29: 8 | R29: 0.3
A30: ShengdianBHS_equipment_1 | C30: 29 | D30: =C30*9 -> 261 | E30: 25 | F30: =E30*9 -> 225 | G30: 110 | H30: =G30 -> 110 | I30: 65 | J30: =I30 -> 65 | K30: 38 | L30: =K30*9 -> 342 | M30: =K30*1.3 -> 49.4 | N30: =M30*9 -> 444.6 | Q30: 8 | R30: 0.4
A31: JianisaBHS_equipment_0 | B31: V | C31: 320 | E31: 260 | G31: 150 | I31: 110 | K31: 650 | M31: 885 | Q31: 6 | R31: 0.6
A32: BeinalesiBHS_equipment_0 | B32: VI | C32: 670 | E32: 520 | G32: 200 | I32: 180 | K32: 1200 | M32: =M4*10 -> 960 | Q32: 16 | R32: 0.7
A33: HerrscherBHS_equipment_0 | C33: =C32*1.5 -> 1005 | E33: =E32*1.5 -> 780 | G33: =G32*1.5 -> 300 | I33: =I32*1.5 -> 270 | K33: =K32*1.3 -> 1560 | M33: =M32*1.5 -> 1440 | Q33: =Q32*1.3 -> 20.8
A34: HerrscherBHS_equipment_1 | C34: =C33*1.5 -> 1507.5 | E34: =E33*1.5 -> 1170 | G34: =(G33+G35)/2 -> 400 | I34: =(I33+I35)/2 -> 385 | K34: =(K33+K35)/2 -> 2380 | M34: =(M33+M35)/2 -> 2220 | Q34: =(Q33+Q35)/2 -> 22.4
A35: HerrscherBHS_equipment_2 | C35: =C34*1.5 -> 2261.25 | E35: =E34*1.5 -> 1755 | G35: 500 | I35: 500 | K35: 3200 | M35: 3000 | Q35: 24
A36: HerrscherBHS_equipment_End | C36: =C35*2 -> 4522.5 | E36: =E35*2 -> 3510 | G36: =G35*2 -> 1000 | I36: =I35*2 -> 1000 | K36: =K35*2 -> 6400 | M36: =M35*2 -> 6000 | Q36: 24

Sheet 计算过程
B1: soft_attack | C1: Rank | E1: hard_attack | F1: Rank | H1: ap_attack | I1: Rank | K1: armor_value | L1: Rank | N1: breakthrough | O1: Rank | Q1: defense | R1: Rank | T1: ORG | U1: Rank | V1: maximum_speed | W1: cost
A2: max | B2: =MAX(老女武神装备!C3:C20) -> 175.5 | E2: =MAX(老女武神装备!E2:E19) -> 136.448 | H2: =MAX(老女武神装备!G2:G19) -> 168.75 | K2: =MAX(老女武神装备!I2:I19) -> 165.3 | N2: =MAX(老女武神装备!K2:K19) -> 166.94 | Q2: =MAX(老女武神装备!M2:M19) -> 152.256 | T2: =MAX(老女武神装备!O2:O19) -> 85
A3: min | B3: =MIN(老女武神装备!C3:C20) -> 22.75 | E3: =MIN(老女武神装备!E3:E20) -> 17.6 | H3: =MIN(老女武神装备!G3:G20) -> 10 | K3: =MIN(老女武神装备!I3:I20) -> 15 | N3: =MIN(老女武神装备!K3:K20) -> 22.4 | Q3: =MIN(老女武神装备!M3:M20) -> 20.1 | T3: =MIN(老女武神装备!O3:O20) -> 50
A5: 等级 | B5: 区间1 | C5: 区间2 | E5: 区间1 | F5: 区间2 | H5: 区间1 | I5: 区间2 | K5: 区间1 | L5: 区间2 | N5: 区间1 | O5: 区间2 | Q5: 区间1 | R5: 区间2 | S5: 等级 | T5: 区间1 | U5: 区间2
A6: B-- | B6: =B3 -> 22.75 | C6: =B6+$B$33 -> 28.86 | E6: =E3 -> 17.6 | F6: =E6+$E$33 -> 22.35392 | H6: =H3 -> 10 | I6: =H6+$H$33 -> 16.35 | K6: =K3 -> 15 | L6: =K6+$K$33 -> 21.012 | N6: =N3 -> 22.4 | O6: =N6+$N$33 -> 28.1816 | Q6: =Q3 -> 20.1 | R6: =Q6+$Q$33 -> 25.38624 | S6: B- | T6: =T3 -> 50 | U6: =T6+$T$33 -> 53.888889
A7: B- | B7: =C6 -> 28.86 | C7: =B7+$B$33 -> 34.97 | E7: =F6 -> 22.35392 | F7: =E7+$E$33 -> 27.10784 | H7: =I6 -> 16.35 | I7: =H7+$H$33 -> 22.7 | K7: =L6 -> 21.012 | L7: =K7+$K$33 -> 27.024 | N7: =O6 -> 28.1816 | O7: =N7+$N$33 -> 33.9632 | Q7: =R6 -> 25.38624 | R7: =Q7+$Q$33 -> 30.67248 | S7: B | T7: =U6 -> 53.888889 | U7: =T7+$T$33 -> 57.777778
A8: B | B8: =C7 -> 34.97 | C8: =B8+$B$33 -> 41.08 | E8: =F7 -> 27.10784 | F8: =E8+$E$33 -> 31.86176 | H8: =I7 -> 22.7 | I8: =H8+$H$33 -> 29.05 | K8: =L7 -> 27.024 | L8: =K8+$K$33 -> 33.036 | N8: =O7 -> 33.9632 | O8: =N8+$N$33 -> 39.7448 | Q8: =R7 -> 30.67248 | R8: =Q8+$Q$33 -> 35.95872 | S8: B+ | T8: =U7 -> 57.777778 | U8: =T8+$T$33 -> 61.666667
A9: B+ | B9: =C8 -> 41.08 | C9: =B9+$B$33 -> 47.19 | E9: =F8 -> 31.86176 | F9: =E9+$E$33 -> 36.61568 | H9: =I8 -> 29.05 | I9: =H9+$H$33 -> 35.4 | K9: =L8 -> 33.036 | L9: =K9+$K$33 -> 39.048 | N9: =O8 -> 39.7448 | O9: =N9+$N$33 -> 45.5264 | Q9: =R8 -> 35.95872 | R9: =Q9+$Q$33 -> 41.24496 | S9: A- | T9: =U8 -> 61.666667 | U9: =T9+$T$33 -> 65.555556
A10: B++ | B10: =C9 -> 47.19 | C10: =B10+$B$33 -> 53.3 | E10: =F9 -> 36.61568 | F10: =E10+$E$33 -> 41.3696 | H10: =I9 -> 35.4 | I10: =H10+$H$33 -> 41.75 | K10: =L9 -> 39.048 | L10: =K10+$K$33 -> 45.06 | N10: =O9 -> 45.5264 | O10: =N10+$N$33 -> 51.308 | Q10: =R9 -> 41.24496 | R10: =Q10+$Q$33 -> 46.5312 | S10: A | T10: =U9 -> 65.555556 | U10: =T10+$T$33 -> 69.444444
A11: A-- | B11: =C10 -> 53.3 | C11: =B11+$B$33 -> 59.41 | E11: =F10 -> 41.3696 | F11: =E11+$E$33 -> 46.12352 | H11: =I10 -> 41.75 | I11: =H11+$H$33 -> 48.1 | K11: =L10 -> 45.06 | L11: =K11+$K$33 -> 51.072 | N11: =O10 -> 51.308 | O11: =N11+$N$33 -> 57.0896 | Q11: =R10 -> 46.5312 | R11: =Q11+$Q$33 -> 51.81744 | S11: A+ | T11: =U10 -> 69.444444 | U11: =T11+$T$33 -> 73.333333
A12: A- | B12: =C11 -> 59.41 | C12: =B12+$B$33 -> 65.52 | E12: =F11 -> 46.12352 | F12: =E12+$E$33 -> 50.87744 | H12: =I11 -> 48.1 | I12: =H12+$H$33 -> 54.45 | K12: =L11 -> 51.072 | L12: =K12+$K$33 -> 57.084 | N12: =O11 -> 57.0896 | O12: =N12+$N$33 -> 62.8712 | Q12: =R11 -> 51.81744 | R12: =Q12+$Q$33 -> 57.10368 | S12: S- | T12: =U11 -> 73.333333 | U12: =T12+$T$33 -> 77.222222
A13: A | B13: =C12 -> 65.52 | C13: =B13+$B$33 -> 71.63 | E13: =F12 -> 50.87744 | F13: =E13+$E$33 -> 55.63136 | H13: =I12 -> 54.45 | I13: =H13+$H$33 -> 60.8 | K13: =L12 -> 57.084 | L13: =K13+$K$33 -> 63.096 | N13: =O12 -> 62.8712 | O13: =N13+$N$33 -> 68.6528 | Q13: =R12 -> 57.10368 | R13: =Q13+$Q$33 -> 62.38992 | S13: S | T13: =U12 -> 77.222222 | U13: =T13+$T$33 -> 81.111111
A14: A+ | B14: =C13 -> 71.63 | C14: =B14+$B$33 -> 77.74 | E14: =F13 -> 55.63136 | F14: =E14+$E$33 -> 60.38528 | H14: =I13 -> 60.8 | I14: =H14+$H$33 -> 67.15 | K14: =L13 -> 63.096 | L14: =K14+$K$33 -> 69.108 | N14: =O13 -> 68.6528 | O14: =N14+$N$33 -> 74.4344 | Q14: =R13 -> 62.38992 | R14: =Q14+$Q$33 -> 67.67616 | S14: S+ | T14: =U13 -> 81.111111 | U14: =T14+$T$33 -> 85
A15: A++ | B15: =C14 -> 77.74 | C15: =B15+$B$33 -> 83.85 | E15: =F14 -> 60.38528 | F15: =E15+$E$33 -> 65.1392 | H15: =I14 -> 67.15 | I15: =H15+$H$33 -> 73.5 | K15: =L14 -> 69.108 | L15: =K15+$K$33 -> 75.12 | N15: =O14 -> 74.4344 | O15: =N15+$N$33 -> 80.216 | Q15: =R14 -> 67.67616 | R15: =Q15+$Q$33 -> 72.9624
A16: S-- | B16: =C15 -> 83.85 | C16: =B16+$B$33 -> 89.96 | E16: =F15 -> 65.1392 | F16: =E16+$E$33 -> 69.89312 | H16: =I15 -> 73.5 | I16: =H16+$H$33 -> 79.85 | K16: =L15 -> 75.12 | L16: =K16+$K$33 -> 81.132 | N16: =O15 -> 80.216 | O16: =N16+$N$33 -> 85.9976 | Q16: =R15 -> 72.9624 | R16: =Q16+$Q$33 -> 78.24864
A17: S- | B17: =C16 -> 89.96 | C17: =B17+$B$33 -> 96.07 | E17: =F16 -> 69.89312 | F17: =E17+$E$33 -> 74.64704 | H17: =I16 -> 79.85 | I17: =H17+$H$33 -> 86.2 | K17: =L16 -> 81.132 | L17: =K17+$K$33 -> 87.144 | N17: =O16 -> 85.9976 | O17: =N17+$N$33 -> 91.7792 | Q17: =R16 -> 78.24864 | R17: =Q17+$Q$33 -> 83.53488
A18: S | B18: =C17 -> 96.07 | C18: =B18+$B$33 -> 102.18 | E18: =F17 -> 74.64704 | F18: =E18+$E$33 -> 79.40096 | H18: =I17 -> 86.2 | I18: =H18+$H$33 -> 92.55 | K18: =L17 -> 87.144 | L18: =K18+$K$33 -> 93.156 | N18: =O17 -> 91.7792 | O18: =N18+$N$33 -> 97.5608 | Q18: =R17 -> 83.53488 | R18: =Q18+$Q$33 -> 88.82112
A19: S+ | B19: =C18 -> 102.18 | C19: =B19+$B$33 -> 108.29 | E19: =F18 -> 79.40096 | F19: =E19+$E$33 -> 84.15488 | H19: =I18 -> 92.55 | I19: =H19+$H$33 -> 98.9 | K19: =L18 -> 93.156 | L19: =K19+$K$33 -> 99.168 | N19: =O18 -> 97.5608 | O19: =N19+$N$33 -> 103.3424 | Q19: =R18 -> 88.82112 | R19: =Q19+$Q$33 -> 94.10736
A20: S++ | B20: =C19 -> 108.29 | C20: =B20+$B$33 -> 114.4 | E20: =F19 -> 84.15488 | F20: =E20+$E$33 -> 88.9088 | H20: =I19 -> 98.9 | I20: =H20+$H$33 -> 105.25 | K20: =L19 -> 99.168 | L20: =K20+$K$33 -> 105.18 | N20: =O19 -> 103.3424 | O20: =N20+$N$33 -> 109.124 | Q20: =R19 -> 94.10736 | R20: =Q20+$Q$33 -> 99.3936
A21: SS-- | B21: =C20 -> 114.4 | C21: =B21+$B$33 -> 120.51 | E21: =F20 -> 88.9088 | F21: =E21+$E$33 -> 93.66272 | H21: =I20 -> 105.25 | I21: =H21+$H$33 -> 111.6 | K21: =L20 -> 105.18 | L21: =K21+$K$33 -> 111.192 | N21: =O20 -> 109.124 | O21: =N21+$N$33 -> 114.9056 | Q21: =R20 -> 99.3936 | R21: =Q21+$Q$33 -> 104.67984
A22: SS- | B22: =C21 -> 120.51 | C22: =B22+$B$33 -> 126.62 | E22: =F21 -> 93.66272 | F22: =E22+$E$33 -> 98.41664 | H22: =I21 -> 111.6 | I22: =H22+$H$33 -> 117.95 | K22: =L21 -> 111.192 | L22: =K22+$K$33 -> 117.204 | N22: =O21 -> 114.9056 | O22: =N22+$N$33 -> 120.6872 | Q22: =R21 -> 104.67984 | R22: =Q22+$Q$33 -> 109.96608
A23: SS | B23: =C22 -> 126.62 | C23: =B23+$B$33 -> 132.73 | E23: =F22 -> 98.41664 | F23: =E23+$E$33 -> 103.17056 | H23: =I22 -> 117.95 | I23: =H23+$H$33 -> 124.3 | K23: =L22 -> 117.204 | L23: =K23+$K$33 -> 123.216 | N23: =O22 -> 120.6872 | O23: =N23+$N$33 -> 126.4688 | Q23: =R22 -> 109.96608 | R23: =Q23+$Q$33 -> 115.25232
A24: SS+ | B24: =C23 -> 132.73 | C24: =B24+$B$33 -> 138.84 | E24: =F23 -> 103.17056 | F24: =E24+$E$33 -> 107.92448 | H24: =I23 -> 124.3 | I24: =H24+$H$33 -> 130.65 | K24: =L23 -> 123.216 | L24: =K24+$K$33 -> 129.228 | N24: =O23 -> 126.4688 | O24: =N24+$N$33 -> 132.2504 | Q24: =R23 -> 115.25232 | R24: =Q24+$Q$33 -> 120.53856
A25: SS++ | B25: =C24 -> 138.84 | C25: =B25+$B$33 -> 144.95 | E25: =F24 -> 107.92448 | F25: =E25+$E$33 -> 112.6784 | H25: =I24 -> 130.65 | I25: =H25+$H$33 -> 137 | K25: =L24 -> 129.228 | L25: =K25+$K$33 -> 135.24 | N25: =O24 -> 132.2504 | O25: =N25+$N$33 -> 138.032 | Q25: =R24 -> 120.53856 | R25: =Q25+$Q$33 -> 125.8248
A26: SSS-- | B26: =C25 -> 144.95 | C26: =B26+$B$33 -> 151.06 | E26: =F25 -> 112.6784 | F26: =E26+$E$33 -> 117.43232 | H26: =I25 -> 137 | I26: =H26+$H$33 -> 143.35 | K26: =L25 -> 135.24 | L26: =K26+$K$33 -> 141.252 | N26: =O25 -> 138.032 | O26: =N26+$N$33 -> 143.8136 | Q26: =R25 -> 125.8248 | R26: =Q26+$Q$33 -> 131.11104
... A30: SSS++ | B30: =C29 -> 169.39 | C30: =B30+$B$33 -> 175.5 | E30: =F29 -> 131.69408 | F30: =E30+$E$33 -> 136.448 | H30: =I29 -> 162.4 | I30: =H30+$H$33 -> 168.75 | K30: =L29 -> 159.288 | L30: =K30+$K$33 -> 165.3 | N30: =O29 -> 161.1584 | O30: =N30+$N$33 -> 166.94 | Q30: =R29 -> 146.96976 | R30: =Q30+$Q$33 -> 152.256
A32: 总份数 | B32: 分数 | S32: 总份数
A33: =SUMPRODUCT(1/COUNTIF(A6:A30,A6:A30)) -> 25 | B33: =(B2-B3)/A33 -> 6.11 | E33: =(E2-E3)/A33 -> 4.75392 | H33: =(H2-H3)/A33 -> 6.35 | K33: =(K2-K3)/A33 -> 6.012 | N33: =(N2-N3)/A33 -> 5.7816 | Q33: =(Q2-Q3)/A33 -> 5.28624 | S33: {=SUMPRODUCT(1/COUNTIF(S6:S14,S6:S14))} -> 9 | T33: =(T2-T3)/S33 -> 3.8888889

Sheet 武器配件
A1: 名称 | B1: Star | C1: maximum_speed | D1: reliability | E1: breakthrough | F1: defense | G1: soft_attack | H1: hard_attack | I1: ap_attack | J1: air_attack | K1: cost | M1: soft_attack_f | N1: hard_attack_f | O1: ap_attack_f | P1: cost_f
A2: 双枪0 | B2: I | C2: 0 | D2: 0 | E2: 4 | F2: 4 | G2: 25 | H2: 25 | I2: 20 | J2: 2 | M2: 0.1 | N2: 0.1 | O2: 0 | P2: 0
A3: 双枪1 | B3: II | C3: -2 | D3: -0.1 | E3: 8 | F3: 8 | G3: 30 | H3: 30 | I3: 45 | J3: 4 | M3: 0.4 | N3: 0.4 | O3: 0.2 | P3: 0.3
A4: 双枪2 | B4: III | C4: -4 | D4: -0.3 | E4: 15 | F4: 15 | G4: 35 | H4: 35 | I4: 80 | J4: 8 | M4: 0.8 | N4: 0.8 | O4: 0.3 | P4: 0.6
A5: 双枪3 | B5: IV | C5: -8 | D5: -0.6 | E5: 25 | F5: 25 | G5: 40 | H5: 40 | I5: 120 | J5: 12 | M5: 1.5 | N5: 1.5 | O5: 0.4 | P5: 1.2
A6: 太刀0 | B6: I | C6: =C2 -> 0 | D6: =D2 -> 0 | E6: =E2*1.25 -> 5 | F6: =F2*0.8 -> 3.2 | G6: =G2*0.7 -> 17.5 | H6: =H2*1.25 -> 31.25 | I6: =I2*1.25 -> 25 | J6: =J2*0.5*0.9 -> 0.9
A7: 太刀1 | B7: II | C7: =C3 -> -2 | D7: =D3 -> -0.1 | E7: =E3*1.25 -> 10 | F7: =F3*0.8 -> 6.4 | G7: =G3*0.7 -> 21 | H7: =H3*1.25 -> 37.5 | I7: =I3*1.25 -> 56.25 | J7: =K7*0.5*0.15 -> 0
A8: 太刀2 | B8: III | C8: =C4 -> -4 | D8: =D4 -> -0.3 | E8: =E4*1.25 -> 18.75 | F8: =F4*0.8 -> 12 | G8: =G4*0.7 -> 24.5 | H8: =H4*1.25 -> 43.75 | I8: =I4*1.25 -> 100 | J8: =K8*0.5*0.15 -> 0
A9: 太刀3 | B9: IV | C9: =C5 -> -8 | D9: =D5 -> -0.6 | E9: =E5*1.25 -> 31.25 | F9: =F5*0.8 -> 20 | G9: =G5*0.7 -> 28 | H9: =H5*1.25 -> 50 | I9: =I5*1.25 -> 150 | J9: =K9*0.5*0.15 -> 0
A10: 重炮0 | B10: I | C10: =C2-1 -> -1 | D10: =D2 -> 0 | E10: =E2*0.85 -> 3.4 | F10: =F2*1.2 -> 4.8 | G10: =G2*1.55 -> 38.75 | H10: =H2*0.68 -> 17 | I10: =I2*0.8 -> 16 | J10: =J2*1.6 -> 3.2
A11: 重炮1 | B11: II | C11: =C3-1 -> -3 | D11: =D3 -> -0.1 | E11: =E3*0.85 -> 6.8 | F11: =F3*1.2 -> 9.6 | G11: =G3*1.55 -> 46.5 | H11: =H3*0.68 -> 20.4 | I11: =I3*0.8 -> 36 | J11: =J3*1.6 -> 6.4
A12: 重炮2 | B12: III | C12: =C4-1 -> -5 | D12: =D4 -> -0.3 | E12: =E4*0.85 -> 12.75 | F12: =F4*1.2 -> 18 | G12: =G4*1.55 -> 54.25 | H12: =H4*0.68 -> 23.8 | I12: =I4*0.8 -> 64 | J12: =J4*1.6 -> 12.8
A13: 重炮3 | B13: IV | C13: =C5-1 -> -9 | D13: =D5 -> -0.6 | E13: =E5*0.85 -> 21.25 | F13: =F5*1.2 -> 30 | G13: =G5*1.55 -> 62 | H13: =H5*0.68 -> 27.2 | I13: =I5*0.8 -> 96 | J13: =J5*1.6 -> 19.2
A14: 镰刀0 | B14: I | C14: =C2-0.5 -> -0.5 | D14: =D2-0.05 -> -0.05 | E14: =E2*1 -> 4 | F14: =F2*0.75 -> 3 | G14: =G2*0.8 -> 20 | H14: =H2*1.3 -> 32.5 | I14: =I2*1.15 -> 23 | J14: =J2*0.5*1.1 -> 1.1
A15: 镰刀1 | B15: II | C15: =C3-0.5 -> -2.5 | D15: =D3-0.05 -> -0.15 | E15: =E3*1 -> 8 | F15: =F3*0.75 -> 6 | G15: =G3*0.8 -> 24 | H15: =H3*1.3 -> 39 | I15: =I3*1.15 -> 51.75 | J15: =J3*0.5*1.1 -> 2.2
A16: 镰刀2 | B16: III | C16: =C4-0.5 -> -4.5 | D16: =D4-0.05 -> -0.35 | E16: =E4*1 -> 15 | F16: =F4*0.75 -> 11.25 | G16: =G4*0.8 -> 28 | H16: =H4*1.3 -> 45.5 | I16: =I4*1.15 -> 92 | J16: =J4*0.5*1.1 -> 4.4
A17: 镰刀3 | B17: IV | C17: =C5-0.5 -> -8.5 | D17: =D5-0.05 -> -0.65 | E17: =E5*1 -> 25 | F17: =F5*0.75 -> 18.75 | G17: =G5*0.8 -> 32 | H17: =H5*1.3 -> 52 | I17: =I5*1.15 -> 138 | J17: =J5*0.5*1.1 -> 6.6
A18: 拳套0 | B18: I | C18: =C2 -> 0 | D18: =D2/1.2 -> 0 | E18: =E2*1.14 -> 4.56 | F18: =F2*0.9 -> 3.6 | G18: =G2*1.1 -> 27.5 | H18: =H2*0.98 -> 24.5 | I18: =I2*1.05 -> 21 | J18: =J2*0.5*0.6 -> 0.6
A19: 拳套1 | B19: II | C19: =C3+0.5 -> -1.5 | D19: =D3/1.2 -> -0.083333333 | E19: =E3*1.14 -> 9.12 | F19: =F3*0.9 -> 7.2 | G19: =G3*1.1 -> 33 | H19: =H3*0.98 -> 29.4 | I19: =I3*1.05 -> 47.25 | J19: =J3*0.5*0.6 -> 1.2
A20: 拳套2 | B20: III | C20: =C4+0.5 -> -3.5 | D20: =D4/1.2 -> -0.25 | E20: =E4*1.14 -> 17.1 | F20: =F4*0.9 -> 13.5 | G20: =G4*1.1 -> 38.5 | H20: =H4*0.98 -> 34.3 | I20: =I4*1.05 -> 84 | J20: =J4*0.5*0.6 -> 2.4
A21: 拳套3 | B21: IV | C21: =C5+0.5 -> -7.5 | D21: =D5/1.2 -> -0.5 | E21: =E5*1.14 -> 28.5 | F21: =F5*0.9 -> 22.5 | G21: =G5*1.1 -> 44 | H21: =H5*0.98 -> 39.2 | I21: =I5*1.05 -> 126 | J21: =J5*0.5*0.6 -> 3.6
A22: 十字架0 | B22: I | C22: =C2-0.5 -> -0.5 | D22: =D2 -> 0 | E22: =E2*0.95 -> 3.8 | F22: =F2*1.5 -> 6 | G22: =G2*1.1 -> 27.5 | H22: =H2*1.05 -> 26.25 | I22: =I2*0.87 -> 17.4 | J22: =J2*0.5*1.5 -> 1.5
A23: 十字架1 | B23: II | C23: =C3-0.5 -> -2.5 | D23: =D3 -> -0.1 | E23: =E3*0.95 -> 7.6 | F23: =F3*1.5 -> 12 | G23: =G3*1.1 -> 33 | H23: =H3*1.05 -> 31.5 | I23: =I3*0.87 -> 39.15 | J23: =J3*0.5*1.5 -> 3
A24: 十字架2 | B24: III | C24: =C4-0.5 -> -4.5 | D24: =D4 -> -0.3 | E24: =E4*0.95 -> 14.25 | F24: =F4*1.5 -> 22.5 | G24: =G4*1.1 -> 38.5 | H24: =H4*1.05 -> 36.75 | I24: =I4*0.87 -> 69.6 | J24: =J4*0.5*1.5 -> 6
A25: 十字架3 | B25: IV | C25: =C5-0.5 -> -8.5 | D25: =D5 -> -0.6 | E25: =E5*0.95 -> 23.75 | F25: =F5*1.5 -> 37.5 | G25: =G5*1.1 -> 44 | H25: =H5*1.05 -> 42 | I25: =I5*0.87 -> 104.4 | J25: =J5*0.5*1.5 -> 9

Sheet 装甲配件 
A1: 名称 | B1: Star | C1: reliability | D1: Hardness | E1: armor_value | F1: maximum_speed_f | G1: defense_f | H1: breakthrough_f | I1: armor_value_f | J1: cost_f
A2: 无甲 | B2: I | C2: 0 | D2: -0.2 | E2: -10 | F2: 0.2 | G2: 0 | H2: 0 | I2: -0.99 | J2: -0.2
A3: 轻甲 | B3: II | C3: -0.1 | D3: 0 | E3: 0 | F3: 0 | G3: 0.2 | H3: 0.2 | I3: 0.2 | J3: 0
A4: 中甲 | B4: III | C4: -0.3 | D4: 0.1 | E4: 0 | F4: -0.2 | G4: 0.45 | H4: 0.45 | I4: 0.5 | J4: 0.1
A5: 重甲 | B5: IV | C5: -0.5 | D5: 0.3 | E5: 0 | F5: -0.4 | G5: 0.7 | H5: 0.7 | I5: 0.7 | J5: 0.2
A6: 超重甲 | B6: V | C6: -0.8 | D6: 0.4 | E6: 0 | F6: -0.5 | G6: 1 | H6: 1 | I6: 0.9 | J6: 0.3

Sheet 神之键配件
A1: 名称 | B1: reliability | C1: breakthrough | D1: defense | E1: armor_value | F1: soft_attack | G1: hard_attack | H1: ap_attack | I1: air_attack | J1: breakthrough_factor | K1: defense_factor | L1: armor_value_factor | M1: soft_attack_factor | N1: hard_attack_factor | O1: cost
A2: 虚空万藏 | B2: 0.95 | C2: 15 | D2: 18 | E2: 8 | F2: 22 | G2: 20 | H2: 10 | I2: 5 | J2: 1.1 | K2: 1.15 | L2: 0.9 | M2: 1.05 | N2: 1
A3: 千界一乘 | B3: 0.85 | C3: 5 | D3: 25 | E3: 12 | F3: 8 | G3: 10 | H3: 15 | I3: 18 | J3: 0.9 | K3: 1.25 | L3: 1.1 | M3: 0.85 | N3: 0.95
A4: 涤罪七雷 | B4: 0.75 | C4: 28 | D4: 5 | E4: 5 | F4: 35 | G4: 30 | H4: 25 | I4: 8 | J4: 1.2 | K4: 0.85 | L4: 0.8 | M4: 1.3 | N4: 1.2
A5: 黑渊白花 | B5: 0.9 | C5: 20 | D5: 20 | E5: 10 | F5: 15 | G5: 12 | H5: 8 | I5: 2 | J5: 1.05 | K5: 1.1 | L5: 1 | M5: 0.95 | N5: 0.9
A6: 羽渡尘 | B6: 0.8 | C6: 12 | D6: 15 | E6: 3 | F6: 25 | G6: 5 | H6: 5 | I6: 2 | J6: 1 | K6: 1.05 | L6: 0.7 | M6: 1.15 | N6: 0.8
A7: 誓约犹大 | B7: 0.88 | C7: 8 | D7: 35 | E7: 15 | F7: 18 | G7: 25 | H7: 20 | I7: 5 | J7: 0.95 | K7: 1.35 | L7: 1.2 | M7: 1 | N7: 1.15
A8: 天火圣裁 | B8: 0.7 | C8: 35 | D8: 8 | E8: 8 | F8: 40 | G8: 35 | H8: 22 | I8: 12 | J8: 1.3 | K8: 0.9 | L8: 0.85 | M8: 1.35 | N8: 1.25
A9: 伊甸之星 | B9: 0.82 | C9: 22 | D9: 18 | E9: 10 | F9: 28 | G9: 20 | H9: 18 | I9: 6 | J9: 1.15 | K9: 1.08 | L9: 1.05 | M9: 1.2 | N9: 1.1
A10: 地藏御魂 | B10: 0.78 | C10: 16 | D10: 22 | E10: 10 | F10: 30 | G10: 18 | H10: 15 | I10: 4 | J10: 1.08 | K10: 1.18 | L10: 1.02 | M10: 1.25 | N10: 1.05
A12: 虚空万藏 | B12: =(B2)*(0.8)-1 -> -0.24 | C12: =C2*6 -> 90 | D12: =D2*6 -> 108 | E12: =E2*10 -> 80 | F12: =F2*5 -> 110 | G12: =G2*6 -> 120 | H12: =H2*7 -> 70 | I12: =I2*10 -> 50 | J12: =J2 -> 1.1 | K12: =K2 -> 1.15 | L12: =L2 -> 0.9 | M12: =M2 -> 1.05 | N12: =N2 -> 1 | O12: =(C12+D12+E12+F12+G12)*1.5 -> 762
A13: 千界一乘 | B13: =(B3)*(0.8)-1 -> -0.32 | C13: =C3*6 -> 30 | D13: =D3*6 -> 150 | E13: =E3*10 -> 120 | F13: =F3*5 -> 40 | G13: =G3*6 -> 60 | H13: =H3*7 -> 105 | I13: =I3*10 -> 180 | J13: =J3 -> 0.9 | K13: =K3 -> 1.25 | L13: =L3 -> 1.1 | M13: =M3 -> 0.85 | N13: =N3 -> 0.95 | O13: =(C13+D13+E13+F13+G13)*1.5 -> 600
A14: 涤罪七雷 | B14: =(B4)*(0.8)-1 -> -0.4 | C14: =C4*6 -> 168 | D14: =D4*6 -> 30 | E14: =E4*10 -> 50 | F14: =F4*5 -> 175 | G14: =G4*6 -> 180 | H14: =H4*7 -> 175 | I14: =I4*10 -> 80 | J14: =J4 -> 1.2 | K14: =K4 -> 0.85 | L14: =L4 -> 0.8 | M14: =M4 -> 1.3 | N14: =N4 -> 1.2 | O14: =(C14+D14+E14+F14+G14)*1.5 -> 904.5
A15: 黑渊白花 | B15: =(B5)*(0.8)-1 -> -0.28 | C15: =C5*6 -> 120 | D15: =D5*6 -> 120 | E15: =E5*10 -> 100 | F15: =F5*5 -> 75 | G15: =G5*6 -> 72 | H15: =H5*7 -> 56 | I15: =I5*10 -> 20 | J15: =J5 -> 1.05 | K15: =K5 -> 1.1 | L15: =L5 -> 1 | M15: =M5 -> 0.95 | N15: =N5 -> 0.9 | O15: =(C15+D15+E15+F15+G15)*1.5 -> 730.5
A16: 羽渡尘 | B16: =(B6)*(0.8)-1 -> -0.36 | C16: =C6*6 -> 72 | D16: =D6*6 -> 90 | E16: =E6*10 -> 30 | F16: =F6*5 -> 125 | G16: =G6*6 -> 30 | H16: =H6*7 -> 35 | I16: =I6*10 -> 20 | J16: =J6 -> 1 | K16: =K6 -> 1.05 | L16: =L6 -> 0.7 | M16: =M6 -> 1.15 | N16: =N6 -> 0.8 | O16: =(C16+D16+E16+F16+G16)*1.5 -> 520.5
A17: 誓约犹大 | B17: =(B7)*(0.8)-1 -> -0.296 | C17: =C7*6 -> 48 | D17: =D7*6 -> 210 | E17: =E7*10 -> 150 | F17: =F7*5 -> 90 | G17: =G7*6 -> 150 | H17: =H7*7 -> 140 | I17: =I7*10 -> 50 | J17: =J7 -> 0.95 | K17: =K7 -> 1.35 | L17: =L7 -> 1.2 | M17: =M7 -> 1 | N17: =N7 -> 1.15 | O17: =(C17+D17+E17+F17+G17)*1.5 -> 972
A18: 天火圣裁 | B18: =(B8)*(0.8)-1 -> -0.44 | C18: =C8*6 -> 210 | D18: =D8*6 -> 48 | E18: =E8*10 -> 80 | F18: =F8*5 -> 200 | G18: =G8*6 -> 210 | H18: =H8*7 -> 154 | I18: =I8*10 -> 120 | J18: =J8 -> 1.3 | K18: =K8 -> 0.9 | L18: =L8 -> 0.85 | M18: =M8 -> 1.35 | N18: =N8 -> 1.25 | O18: =(C18+D18+E18+F18+G18)*1.5 -> 1122
A19: 伊甸之星 | B19: =(B9)*(0.8)-1 -> -0.344 | C19: =C9*6 -> 132 | D19: =D9*6 -> 108 | E19: =E9*10 -> 100 | F19: =F9*5 -> 140 | G19: =G9*6 -> 120 | H19: =H9*7 -> 126 | I19: =I9*10 -> 60 | J19: =J9 -> 1.15 | K19: =K9 -> 1.08 | L19: =L9 -> 1.05 | M19: =M9 -> 1.2 | N19: =N9 -> 1.1 | O19: =(C19+D19+E19+F19+G19)*1.5 -> 900
A20: 地藏御魂 | B20: =(B10)*(0.8)-1 -> -0.376 | C20: =C10*6 -> 96 | D20: =D10*6 -> 132 | E20: =E10*10 -> 100 | F20: =F10*5 -> 150 | G20: =G10*6 -> 108 | H20: =H10*7 -> 105 | I20: =I10*10 -> 40 | J20: =J10 -> 1.08 | K20: =K10 -> 1.18 | L20: =L10 -> 1.02 | M20: =M10 -> 1.25 | N20: =N10 -> 1.05 | O20: =(C20+D20+E20+F20+G20)*1.5 -> 879

Sheet 武装人偶配件 
A1: 名称 | B1: reliability | C1: recon | D1: entrenchment | E1: experience_loss_factor | F1: breakthrough | G1: defense | H1: soft_attack | I1: hard_attack | J1: soft_attack_factor | K1: hard_attack_factor | L1: cost
A2: 苍玄之书 | B2: 0.9 | C2: 2 | D2: 8 | E2: 0.85 | F2: 12 | G2: 15 | H2: 20 | I2: 18 | J2: 1.1 | K2: 1.05 | L2: 125
A3: 克莱因 | B3: 0.85 | C3: 4 | D3: 6 | E3: 0.9 | F3: 8 | G3: 12 | H3: 25 | I3: 10 | J3: 1.2 | K3: 0.95 | L3: 110
A4: 妖精爱莉 | B4: 0.88 | C4: 6 | D4: 5 | E4: 0.88 | F4: 10 | G4: 10 | H4: 18 | I4: 8 | J4: 1.05 | K4: 0.9 | L4: 105
A5: 赤鸢之翼 | B5: 0.92 | C5: 3 | D5: 10 | E5: 0.8 | F5: 15 | G5: 18 | H5: 22 | I5: 15 | J5: 1.15 | K5: 1 | L5: 120
A6: 仿犹大 | B6: 0.82 | C6: 2 | D6: 12 | E6: 0.75 | F6: 20 | G6: 22 | H6: 15 | I6: 25 | J6: 0.95 | K6: 1.25 | L6: 130
A7: 贝拉 | B7: 0.84 | C7: 5 | D7: 7 | E7: 0.82 | F7: 18 | G7: 16 | H7: 28 | I7: 20 | J7: 1.25 | K7: 1.15 | L7: 128
A8: 重装小兔 | B8: 0.8 | C8: 1 | D8: 15 | E8: 0.7 | F8: 25 | G8: 28 | H8: 12 | I8: 30 | J8: 0.9 | K8: 1.35 | L8: 150
A10: 苍玄之书 | B10: =(B2-0.5) -> 0.4 | C10: 1 | D10: 5 | E10: 0.2 | F10: =F2 -> 12 | G10: =G2 -> 15 | H10: =H2 -> 20 | I10: =I2 -> 18 | J10: =J2-1 -> 0.1 | K10: =K2-1 -> 0.05 | L10: =L2/4 -> 31.25
A11: 克莱因 | B11: =(B3-0.5) -> 0.35 | C11: 2 | D11: =D3-2 -> 4 | E11: 0 | F11: =F3 -> 8 | G11: =G3 -> 12 | H11: =H3 -> 25 | I11: =I3 -> 10 | J11: =J3-1 -> 0.2 | K11: 0 | L11: =L3/4 -> 27.5
A12: 妖精爱莉 | B12: =(B4-0.5) -> 0.38 | C12: 0 | D12: =D4-2 -> 3 | E12: 0.5 | F12: =F4+5 -> 15 | G12: =G4*3 -> 30 | H12: =H4 -> 18 | I12: =I4 -> 8 | J12: 0.05 | K12: 0 | L12: =L4/4 -> 26.25
A13: 赤鸢之翼 | B13: =(B5-0.5) -> 0.42 | C13: 1.5 | D13: 2 | E13: 0.1 | F13: =F5 -> 15 | G13: =G5 -> 18 | H13: =H5 -> 22 | I13: =I5 -> 15 | J13: =J5-1 -> 0.15 | K13: =K5-1 -> 0 | L13: =L5/4 -> 30
A14: 仿犹大 | B14: =(B6-0.5) -> 0.32 | C14: 1 | D14: 0 | E14: 0 | F14: =F6 -> 20 | G14: =G6 -> 22 | H14: =H6 -> 15 | I14: =I6 -> 25 | J14: 0 | K14: =K6-1 -> 0.25 | L14: =L6/4 -> 32.5
A15: 贝拉 | B15: =(B7-0.5) -> 0.34 | C15: 0 | D15: =D7-2 -> 5 | E15: 0.3 | F15: =F7 -> 18 | G15: =G7 -> 16 | H15: =H7 -> 28 | I15: =I7 -> 20 | J15: =J7-1-0.15 -> 0.1 | K15: =K7-1 -> 0.15 | L15: =L7/4 -> 32
A16: 重装小兔 | B16: =(B8-0.5) -> 0.3 | C16: 0 | D16: 0 | E16: 0 | F16: 0 | G16: 0 | H16: =H8 -> 12 | I16: =I8 -> 30 | J16: =J8-0.7 -> 0.2 | K16: =K8-1-0.1 -> 0.25 | L16: =L8/4 -> 37.5
